model,AP,AP50,AP75,AP_small,AP_medium,AP_large,AR1,AR10,AR100,AR_small,AR_medium,AR_large
GroundingDINO_SwinT,0.012451908174242837,0.01887205295115147,0.012143755812045293,0.0,0.009900990099009901,0.11492533479900513,0.0030623020063357976,0.018057022175290392,0.018409010911650828,0.0,0.008205804749340368,0.22205438066465252
